Name,Mobile Number,Birthday
Barry D. Craig,804-751-0164,"March 2, 1949"
James K. Gant,708-870-4017,"January 27, 1961"
Mina A. Bangert,724-701-5915,"September 11, 1949"
Mary F. Rapp,973-766-5518,"December 16, 1944"
Susie E. Pearcy,240-542-8837,"May 9, 1953"
Stacy W. McConnell,786-256-9665,"March 20, 1986"
Lisa C. Merrick,501-828-8099,"July 24, 1950"
John M. McNinch,707-721-1080,"April 14, 1942"
Aaron S. Gonzalez,646-502-9240,"August 3, 1995"
Crystal H. Capps,731-808-2730,"December 30, 1983"
